,0,1,2,3,4,5,6,7,8,9,10,11,12,13,14,15,16,17,18,19,20,21,22,23,24,25,26,27,28,29,30,31,32,33,34,35,36,37,38,39,40,41,42,43,44,45,46,47,48,49,50,51,52,53,54,55,56,57,58,59,60,61,62,63,64,65,66,67,68,69,70,71,72,73,74,75,76,77,78,79,80,81,82,83,84,85
0,0.0,41364.22,37905.95,31546.68,27235.2,7526.25,17925.63,9284.33,25251.35,26367.17,28067.46,38120.6,28519.7,14854.04,26986.59,18835.47,41105.82,44309.24,42986.07,18369.17,27573.66,13433.37,31602.06,28587.02,28446.04,42001.52,4953.93,28888.0,4759.47,29046.45,13433.37,9572.08,21624.22,16317.17,42461.97,31496.06,21225.14,23529.72,59459.69,10728.73,35979.94,26914.22,28446.04,38367.01,17927.5,18197.83,59463.37,10866.92,43629.36,20187.33,21752.08,5269.16,49640.59,8947.46,19920.19,19077.85,30417.33,29514.5,40030.15,3849.08,22663.73,26436.64,42461.97,42156.04,5176.28,156.05,17659.62,17812.9,24655.76,28950.76,7756.46,7781.53,17798.75,18459.83,27787.97,21443.99,18119.41,16317.17,23056.57,26261.88,35919.25,27692.18,13433.37,24161.9,25424.36,1965.46
1,41417.59,0.0,95611.75,60653.41,70041.07,35397.75,60442.18,49853.94,25168.8,59211.95,42798.12,68973.28,43250.36,27530.46,58967.84,29937.95,57842.46,100303.67,1332.53,29466.6,29382.0,47089.13,16649.41,45323.66,43176.7,65688.52,38253.21,10437.56,47565.34,12728.07,47089.13,29442.15,64430.09,58833.72,1355.43,92238.94,64031.01,25490.2,117165.49,31529.38,91974.37,69720.09,43176.7,94361.44,60444.05,53428.46,117169.17,47397.27,68208.91,24669.52,60373.62,37358.53,66263.92,40581.44,23571.92,30979.19,88123.13,72062.61,95974.21,40850.96,16660.86,59281.41,1355.43,1049.5,37801.86,41350.68,69797.76,60329.45,67461.63,20037.52,50562.33,35667.48,39081.83,41296.54,42518.64,19984.24,66542.91,58833.72,41364.73,28070.22,70506.95,62279.86,47089.13,70327.1,27384.84,41453.86
2,37820.21,95215.33,0.0,28983.32,26943.19,44494.58,27007.22,30177.56,68969.05,28029.24,52131.06,23963.26,52583.3,53955.99,28811.81,57565.3,35846.08,12039.14,96837.18,57858.12,71436.7,32615.93,70704.0,41882.74,52509.64,35456.14,43085.88,67989.95,34965.93,82897.56,32615.93,46540.41,21988.81,28416.08,96313.08,6285.65,18414.31,72797.75,21697.6,49830.67,11515.35,27525.51,52509.64,11777.7,31028.35,53442.45,21701.28,33474.59,31912.14,59289.27,35709.4,42237.49,44380.84,41323.62,59022.14,56285.68,9759.22,16929.08,14007.74,40817.41,61765.67,28098.71,96313.08,96007.15,42144.61,37832.68,22620.16,27157.67,16205.39,76150.95,28792.82,44749.86,55006.57,54456.79,51851.58,60545.94,19098.2,28416.08,47120.18,69702.82,20184.63,27547.58,32615.93,17898.21,74692.39,37850.02
3,30998.43,60320.53,29197.31,0.0,7172.64,28758.2,20093.22,27039.08,39668.1,5464.67,18504.75,12259.23,18600.42,47429.57,5732.47,30974.35,6862.76,41422.95,60485.53,31267.17,56232.02,29477.45,64177.58,15295.85,18693.92,14550.69,36559.46,49789.6,28078.55,61621.98,29477.45,34348.09,9916.3,27493.81,60911.93,34285.2,14319.92,56105.24,19246.79,43304.25,39514.91,6851.66,18693.92,41161.51,29664.8,38126.77,28504.89,30336.11,17071.09,52762.85,32570.92,31761.7,15397.52,34797.2,52495.72,49759.25,37758.78,44928.64,43391.56,33995.63,43565.33,5534.14,60911.93,60704.22,31737.93,31010.89,29008.19,20148.43,14738.01,45543.11,25654.34,28316.68,48480.14,49141.23,18638.18,54019.52,16878.31,27493.81,24602.11,54679.79,48184.18,42598.97,29477.45,15110.62,57999.89,29042.98
4,26710.47,69651.79,19589.52,7200.98,0.0,25529.63,15805.26,22751.13,41356.51,1858.32,18920.71,11742.91,18926.04,43141.61,2640.88,32662.76,14063.74,30607.83,71273.64,32955.58,51944.07,25189.49,59889.63,15711.81,19019.55,15623.83,32271.51,51478.01,23790.6,57334.02,25189.49,31119.53,5628.34,23205.85,62600.34,20589.94,10031.96,51817.29,19711.16,39016.3,25819.65,1354.59,19019.55,28323.02,25376.85,33838.81,26574.49,26048.15,17251.67,48474.9,28282.97,28533.13,22598.5,30509.24,48207.77,45471.3,22668.69,31497.79,32576.43,29707.67,45253.74,1927.78,62600.34,62392.63,28509.37,26722.94,26890.97,15860.47,7829.4,47231.52,21366.38,25088.12,44192.19,44853.27,19054.14,49731.56,12590.36,23205.85,23056.05,50391.84,34753.34,38311.02,25189.49,10822.67,53711.93,24755.02
5,7482.83,39221.69,44599.2,30223.63,26880.26,0.0,17218.66,15977.58,22892.84,25235.99,16233.64,37765.66,16685.89,15801.09,24991.88,12471.48,29272.01,51002.49,39386.69,12764.3,28520.71,15814.85,32549.11,16753.21,16612.23,37118.07,7513.29,28690.76,11452.72,29993.5,15814.85,7213.58,21900.6,23010.42,39409.59,38189.31,21317.91,24476.77,45733.91,11675.78,42673.19,26559.28,16612.23,45060.26,24620.75,20757.18,52597.24,17244.72,39638.46,21134.38,28445.33,3004.02,37806.78,8022.29,20867.24,21920.34,37110.58,36207.75,46723.4,4528.81,22466.49,25305.46,39409.59,39103.66,2980.25,7415.92,24352.87,17105.93,27336.12,26592.26,14449.71,1825.19,20358.1,21019.18,15954.16,22391.04,21810.76,23010.42,7522.44,27208.93,42612.51,34385.43,15814.85,27708.73,26371.41,7519.1
6,12525.9,61659.09,26466.92,20048.29,15736.81,15986.53,0.0,7581.68,50161.97,14868.78,21185.19,26622.21,21190.52,35148.91,15488.2,29840.43,26911.05,32870.21,63280.94,30133.25,52656.1,10020.05,51896.93,19878.98,21284.02,30503.13,24278.81,49182.87,8255.0,49341.32,10020.05,21246.1,10125.83,8036.4,62756.84,20057.02,9726.75,43824.59,34590.46,31023.6,24540.9,15415.83,21284.02,26927.97,10207.4,18669.36,48024.34,10878.71,32130.97,40482.2,13113.52,16943.18,35445.82,22516.54,40215.06,37478.6,18978.3,24057.29,28591.11,15523.1,42958.6,14938.25,62756.84,62450.91,16850.3,12538.37,8822.21,430.16,13157.37,40624.78,6196.93,15806.83,36199.49,35676.2,21318.61,41738.86,6471.01,8036.4,28313.1,50922.22,27312.84,19780.77,10020.05,11015.8,45719.23,12003.04
7,9782.85,49628.3,30393.41,27018.89,22707.41,16123.58,7340.88,0.0,47836.39,21839.38,30998.41,33592.8,31450.65,23118.13,22458.8,36432.65,33881.65,36796.7,51250.16,36725.47,40520.51,2924.37,39866.14,31517.97,31376.99,37473.73,12248.02,37152.08,4707.86,37310.54,2924.37,18169.41,17096.43,4923.88,50726.05,23983.51,16697.35,31793.8,51947.14,18992.81,28467.39,22386.43,31376.99,30854.47,2693.99,11573.69,51950.83,3783.03,39101.57,28451.41,5600.11,13866.49,42416.41,10387.06,28184.28,21402.24,22904.79,27983.78,32517.6,12446.41,30927.81,21908.85,50726.05,50420.12,13773.61,9795.32,10177.98,7228.15,20127.97,37548.09,1527.87,17422.51,15644.89,15811.43,30718.93,29708.08,13441.61,4923.88,25987.53,38786.63,28694.14,20467.06,2924.37,17986.39,33688.45,9479.02
8,25387.97,25261.17,69325.31,39841.89,41459.5,20076.74,49345.0,48431.96,0.0,38400.43,21986.6,48161.77,22438.84,25090.26,38156.32,9821.43,37030.94,75728.61,25426.17,10114.25,44817.93,35444.59,33542.81,24512.14,22365.18,44876.99,26608.67,14730.24,40860.13,26987.9,35444.59,15682.55,36479.84,47736.54,25390.53,62915.42,41497.26,34494.84,55149.32,23977.05,67399.3,41138.52,22365.18,69786.38,49346.86,40398.08,67176.48,36874.45,47397.39,29055.85,53171.44,22310.41,42287.81,28936.9,30005.84,33299.47,61836.7,60933.87,71449.52,24318.2,14175.01,38469.89,25390.53,25182.82,22753.74,25321.06,49078.98,49232.26,41915.36,7838.62,47047.21,20346.47,39999.0,40660.08,21707.12,35420.16,41371.9,47736.54,25715.05,43506.14,67338.62,59111.54,35444.59,42287.97,36389.48,25424.23
9,25541.88,68483.2,20112.09,5780.98,1707.97,24361.04,14636.67,21582.53,38265.83,0.0,17229.74,12593.36,17235.08,41973.02,1220.89,29572.08,12643.74,31130.39,70105.05,29864.9,50775.47,24020.9,58721.03,14020.85,17328.58,16474.29,31102.91,48387.33,22622.01,56165.43,24020.9,29950.94,4459.75,22037.26,59509.66,21112.51,8863.37,50648.7,20561.61,37847.7,26342.21,1386.99,17328.58,28845.59,24208.25,32670.22,27424.94,24879.56,18102.13,47306.3,27114.37,27364.54,21178.51,29340.65,47039.17,44302.7,23191.25,32020.36,33099.0,28539.08,42163.07,417.8,59509.66,59301.96,27340.77,25554.35,23551.64,14691.88,9281.46,44140.84,20197.79,23919.53,43023.6,43684.68,17363.17,48562.97,11421.77,22037.26,22724.23,49223.25,35275.91,37142.43,24020.9,9654.08,52543.34,23586.43
10,27678.5,42560.91,53289.41,18787.06,19053.57,14885.04,21427.84,32396.06,21908.48,17345.6,0.0,27106.93,452.24,31553.59,17101.49,13214.73,15976.11,59692.7,42725.91,13507.54,45002.11,35667.83,45290.09,3457.31,378.58,23822.16,32944.18,32029.98,24824.23,38862.3,35667.83,22145.88,19222.72,31700.63,43152.31,46879.52,24240.15,40958.17,34094.49,39688.96,51363.4,18732.59,378.58,53750.47,33310.96,45263.94,44770.54,35693.09,26342.56,34357.27,37135.54,17888.54,23892.83,31181.91,35307.27,46143.96,45800.79,44897.96,55413.61,30675.7,25805.71,17415.07,43152.31,42944.6,17864.77,27690.97,33043.08,21483.05,24658.24,27783.49,31011.31,14443.53,44864.86,45525.94,176.39,38872.44,24114.79,31700.63,8844.17,51064.51,51302.71,43075.63,35667.83,25030.86,42852.81,27708.31
11,37583.91,68744.7,24725.19,12259.23,11645.7,36403.07,26678.7,33624.56,48092.26,12731.75,26928.91,0.0,27024.58,54015.05,13514.32,39398.51,11458.7,36950.83,68909.7,39691.33,62817.5,36062.93,70763.06,23720.01,27118.08,9327.56,43144.94,58213.76,34664.04,68207.46,36062.93,41992.96,16501.78,34079.29,69336.09,29813.08,20905.39,62690.72,7058.92,49889.73,35042.79,12228.02,27118.08,36689.39,36250.28,44712.25,20454.3,36921.59,7964.06,59348.33,39156.4,39406.57,20769.21,41382.68,59081.2,56344.73,33286.66,40456.52,38919.44,40581.11,51989.49,12801.22,69336.09,69128.38,39382.8,37596.38,46147.59,26733.91,17939.1,53967.27,32239.82,35961.55,55065.63,55726.71,27062.34,60605.0,23463.79,34079.29,33026.27,61265.27,43712.07,51075.01,36062.93,22860.91,64585.37,35628.46
12,27169.47,42904.98,52780.38,18955.77,18837.21,14376.01,21211.48,31887.02,22252.55,17129.24,344.07,27275.65,0.0,31897.66,16885.13,13558.8,16144.82,59183.67,43069.98,13851.62,52107.7,35158.79,45634.16,3240.95,93.5,23990.88,32435.14,32374.05,24315.19,39206.37,35158.79,22489.95,19006.37,31191.6,43496.38,46370.48,24023.79,41302.24,34263.2,39179.93,50854.36,18516.23,93.5,53241.43,32801.93,44754.91,44554.19,35184.05,26511.28,34701.34,36626.5,17379.51,23583.53,30672.88,35651.34,45634.93,45291.76,44388.93,54904.57,30166.67,26149.78,17198.71,43496.38,43288.67,17355.74,27181.94,32534.05,21266.7,24441.89,28127.56,30502.28,13934.49,44355.82,45016.91,520.46,39216.51,23898.44,31191.6,8335.13,50555.47,50793.68,42566.6,35158.79,24814.5,43196.88,27199.28
13,14533.78,27479.96,53538.69,47468.74,43157.26,15770.22,33558.37,22970.13,25596.69,42289.23,43700.2,54042.66,44152.44,0.0,42908.65,19180.82,56738.56,59941.98,29101.81,18714.51,13689.4,20205.32,17717.79,44219.76,44078.78,57923.58,11369.4,21740.82,20681.53,15162.19,20205.32,12846.83,37546.28,31949.91,28577.71,47128.8,37147.2,9645.45,75092.43,4645.57,51612.68,42836.28,44078.78,53999.75,33560.24,16814.0,75096.11,20836.58,67105.02,6303.06,25441.26,13692.07,65273.33,13697.63,6035.93,8450.08,46050.07,45147.24,55662.89,13967.16,15004.41,42358.7,28577.71,28271.77,14135.39,14466.87,33292.36,33445.64,40577.82,28846.87,23678.52,16025.5,20731.59,21392.67,43420.71,7559.73,39659.1,31949.91,21722.75,12377.61,51552.0,43324.91,20205.32,43443.29,11540.1,14570.05
14,26166.88,58566.58,21007.05,5805.81,2602.93,23623.96,15261.67,22207.53,37914.14,894.97,16878.06,13488.33,16883.39,42598.02,0.0,29220.39,12668.56,32025.36,58731.58,29513.21,51400.47,24645.9,59346.04,13669.16,16976.89,17369.25,31727.91,48035.64,23247.01,56790.43,24645.9,29213.85,5084.75,22662.26,59157.98,22007.47,9488.37,51273.7,21456.58,38472.7,27237.18,2281.95,16976.89,29740.55,24833.25,33295.22,28319.91,25504.56,18997.09,47931.3,27739.37,26627.46,21203.33,29965.65,47664.17,44927.7,24086.22,32915.32,33993.96,29164.08,41811.38,964.43,59157.98,58950.27,26603.69,26179.35,24176.64,15316.88,9906.46,43789.15,20822.79,23182.44,43648.6,44309.68,17011.48,49187.97,12046.77,22662.26,22372.54,49848.25,36170.87,37767.43,24645.9,10279.08,53168.34,24211.43
15,18636.83,30355.77,59127.42,31473.78,33091.39,11708.63,30316.84,38234.06,10302.37,30032.32,13618.49,39793.66,14070.74,18339.12,29788.21,0.0,28662.83,65530.71,30520.77,292.82,31787.64,28693.44,33084.95,16144.03,13997.08,36508.88,19857.53,19824.84,30662.23,26657.15,28693.44,8931.41,28111.73,37538.64,30543.67,52717.53,33129.15,27743.7,46781.21,17225.91,57201.41,32770.41,13997.08,59588.48,39148.97,33646.94,58808.37,30123.31,39029.29,21142.81,42973.55,15559.27,37084.3,22185.76,22092.8,26548.33,51638.8,50735.97,61251.62,17567.06,13600.57,30101.79,30543.67,30237.74,16002.6,18569.91,38881.09,30372.05,33547.25,16785.1,36849.32,11978.36,33247.86,33908.94,13339.01,25657.97,33003.8,37538.64,14682.18,30475.86,57140.72,48913.64,28693.44,33919.86,29638.34,18673.09
16,40318.29,57202.38,35718.14,6520.83,13693.47,27524.83,26614.04,33559.9,36549.95,11985.5,15386.6,11634.61,15482.27,56454.07,12253.29,27856.2,0.0,47943.77,57367.38,28149.01,65256.52,35998.27,59931.56,12177.7,15575.77,8349.84,45583.96,46671.45,37464.01,53503.77,35998.27,33114.72,16437.12,34014.63,57793.78,40806.03,20840.74,65129.74,18622.17,52328.75,46035.73,13372.49,15575.77,47682.34,36185.63,57903.73,32017.54,36856.93,10870.24,61787.35,39091.75,30528.33,9038.55,43821.7,61520.22,58783.75,44279.6,51449.46,49912.38,43315.49,40447.18,12054.97,57793.78,57586.07,30504.56,40330.75,35529.02,26669.25,21258.84,42424.96,32175.16,27083.31,57504.64,58165.73,15520.03,63044.02,23399.14,34014.63,21483.95,63704.29,54705.01,55715.42,35998.27,21631.45,67024.38,40348.1
17,47518.98,104914.1,12252.55,41868.6,31376.42,54193.35,36705.99,39876.33,78667.82,32462.48,61829.84,36848.54,62282.08,63654.76,33245.05,67264.08,48731.36,0.0,106535.95,67556.89,81135.47,42314.7,80402.77,46315.97,62208.42,48341.42,52784.66,77688.71,44664.71,92596.34,42314.7,56239.18,33170.64,38114.86,106011.85,15984.42,29596.15,82496.52,34582.88,59529.45,9205.64,31958.75,62208.42,8052.21,40727.12,63141.23,29048.74,43173.36,44797.42,68988.05,45408.17,51936.26,57266.13,51022.39,68720.91,65984.45,14249.26,26627.85,7848.51,50516.18,71464.45,32531.95,106011.85,105705.91,51843.38,47531.45,32318.93,36856.44,27387.23,85849.72,38491.59,54448.63,64705.34,64155.56,61550.35,70244.71,30280.04,38114.86,56818.95,79401.59,29883.4,37246.35,42314.7,29080.05,84391.16,47548.79
18,42981.7,1320.49,97175.87,60917.4,71605.18,35661.75,62006.29,51418.05,25432.8,59475.94,43062.11,69237.27,43514.36,29094.57,59231.83,30201.94,58106.45,101867.78,0.0,29730.59,30946.12,48653.24,16616.46,45587.65,43440.7,65952.51,39817.32,10701.55,49129.45,14292.18,48653.24,29706.15,65994.2,60397.83,1125.16,93803.05,65595.12,27054.31,118729.6,33093.49,93538.48,71284.2,43440.7,95925.55,62008.16,54992.57,118733.29,48961.38,68472.91,26233.63,61937.73,37622.52,66527.91,42145.55,25136.03,32543.3,89687.24,73626.72,97538.33,42415.07,16924.85,59545.41,1125.16,819.22,38065.85,42914.79,71361.88,61893.55,69025.73,19639.48,52126.44,35931.47,40645.95,42860.64,42782.63,21548.35,68107.02,60397.83,41628.72,29634.33,72071.05,63843.97,48653.24,71891.21,28948.95,43017.96
19,18344.01,30062.95,59601.42,31947.78,33565.39,13246.37,30790.84,38708.06,10685.12,30506.32,14092.49,40267.66,14544.74,18046.3,30262.21,1232.32,29136.83,66004.71,30227.95,0.0,31494.82,28400.62,32792.13,16618.03,14471.08,36982.89,19564.71,19532.02,22313.9,26364.33,28400.62,8638.59,28585.73,38012.64,30250.85,53191.53,33603.15,27450.88,47255.21,16933.09,57675.41,33244.41,14471.08,60062.48,39622.97,33354.12,59282.37,29830.49,39503.29,20849.99,43447.55,15266.45,37558.3,21892.94,21799.98,26255.51,52112.8,51209.97,61725.62,17274.24,13307.75,30575.79,30250.85,29944.92,15709.78,18277.1,39355.09,30846.05,34021.25,16492.29,37323.32,13516.1,32955.04,33616.12,13813.01,25365.16,33477.8,38012.64,15156.18,30183.04,57614.72,49387.64,28400.62,34393.86,29345.53,18380.27
20,27156.58,29444.38,71319.11,56121.32,51809.84,28393.02,53154.88,41206.34,44402.06,50941.81,52352.77,62695.24,52805.02,13334.56,51561.23,31811.85,65391.14,76011.03,31066.23,31345.54,0.0,25059.26,22092.58,52872.34,52731.36,66576.16,23992.2,29756.5,29334.11,17126.62,25059.26,25477.86,46198.86,46930.25,30542.13,67946.3,45799.78,2010.51,92872.85,17268.36,67681.73,51488.86,52731.36,70068.8,40538.18,29135.82,92876.53,26515.36,75757.59,15240.5,36080.98,26314.86,73925.91,22339.04,14142.9,6076.33,63830.5,47769.97,71681.57,26589.95,29893.0,51011.28,30542.13,30236.2,26758.19,27089.66,45505.12,53042.14,49230.4,40105.2,32331.1,28648.3,14178.97,17003.89,52073.29,10967.71,59255.6,46930.25,34345.55,3167.36,46214.3,37987.22,25059.26,61007.76,5141.54,27192.84
21,13962.05,46754.69,33246.4,29871.89,25560.41,15531.49,10193.88,3339.0,34256.85,24692.38,33851.41,36445.8,34303.65,20244.51,25311.79,27840.97,36734.64,39649.7,48376.54,27374.67,25001.39,0.0,36992.52,34370.97,34229.99,40326.73,9374.4,34278.46,7207.2,34436.92,0.0,18577.58,19949.42,7049.44,47852.43,26836.51,19550.34,28920.18,54800.14,16119.19,31320.39,25239.43,34229.99,33707.46,5333.37,9794.7,54803.82,2004.05,41954.57,25577.79,5810.12,13274.4,45269.41,7513.44,25310.66,18528.62,25757.79,23664.44,35370.6,12138.12,28054.19,24761.84,47852.43,47546.5,13188.84,13974.52,13030.98,10081.14,22980.96,37956.26,4380.87,15786.77,16039.82,16700.9,33571.93,26834.46,16294.61,7049.44,28840.52,23449.16,30069.19,21842.11,0.0,20839.39,30814.83,13991.86
22,31675.27,16654.61,70680.18,64610.23,60298.75,32911.71,50699.86,40111.62,32678.6,59430.72,45666.52,71184.15,46118.76,17788.14,60050.14,32806.35,73880.05,77083.47,16602.34,32335.0,22302.03,37346.81,0.0,61361.25,46045.1,75065.07,28510.89,18033.04,37823.02,6846.08,37346.81,29931.44,54687.77,49091.4,17727.49,64270.29,54288.69,18410.23,92233.92,21787.06,68754.16,59977.77,46045.1,71141.24,50701.73,46348.5,92237.6,37654.95,84246.51,14927.2,53293.65,30833.56,69132.32,30839.12,13829.6,23899.22,63191.56,64982.64,72804.38,31108.65,19529.26,59500.19,17727.49,17421.56,31276.88,31608.36,50433.85,50587.13,57719.31,28381.73,40820.01,33166.99,32001.86,34216.57,45387.04,10241.92,56800.59,49091.4,38864.24,20990.25,63426.97,55199.89,37346.81,60584.79,15371.07,31711.54
23,28287.29,45171.39,34000.38,15329.75,15596.26,15493.83,19963.38,33004.84,24518.95,13888.29,3355.6,23649.63,3360.94,44423.07,13644.18,15825.2,12518.8,45018.68,45336.39,16118.02,53225.52,36276.62,47900.57,0.0,3454.44,20364.85,33552.96,34640.45,25433.02,41472.77,36276.62,21083.73,17650.92,32309.42,45762.79,35000.8,22054.54,53098.75,30637.18,40297.75,40230.5,15275.28,3454.44,42733.88,33919.75,45872.73,41313.23,36301.88,22885.25,49756.36,37744.33,18497.33,21053.57,31790.7,49489.22,46752.76,46409.58,45506.75,56022.4,31284.49,28416.18,13957.76,45762.79,45555.07,18473.56,28299.76,33651.87,20018.59,22472.64,30393.96,31620.1,15052.32,45473.65,46134.73,3489.03,51013.02,22650.33,32309.42,9452.96,51673.3,51911.5,43684.43,36276.62,22845.25,54993.39,28317.1
24,27943.19,42825.6,53554.1,19244.78,19126.23,15149.73,21500.5,32660.75,22173.17,17418.26,264.69,27564.66,353.11,31818.28,17174.14,13479.42,16433.84,59957.39,42990.6,13772.24,45266.8,35932.52,45554.78,3529.97,0.0,24279.89,33208.87,32294.67,25088.92,39126.98,35932.52,22410.56,19295.38,31965.32,43417.0,47144.21,24312.81,41222.86,34552.21,39953.66,51628.09,18805.25,0.0,54015.16,33575.65,45528.63,44843.2,35957.78,26800.29,34621.96,37400.23,18153.23,23872.54,31446.6,35571.96,46408.66,46065.48,45162.65,55678.3,30940.39,26070.4,17487.72,43417.0,43209.29,18129.46,27955.66,33307.77,21555.71,24730.9,28048.18,31276.0,14708.22,45129.55,45790.63,441.08,39137.13,24187.45,31965.32,9108.86,51329.2,51567.41,43340.32,35932.52,25103.51,43117.5,27973.0
25,41452.77,65356.09,35670.59,14674.53,15514.55,35678.54,30547.55,37493.41,44703.65,16600.61,23540.31,9327.56,23635.97,57883.9,17383.18,36009.91,8469.62,47896.22,65521.09,36302.72,66686.36,39931.79,74631.91,20331.41,23729.48,0.0,47013.8,54825.16,38532.89,72076.31,39931.79,41268.43,20370.63,37948.14,65947.49,40758.48,24774.25,66559.58,14070.65,53758.59,45988.18,16096.88,23729.48,47634.79,40119.14,48581.1,24843.34,40790.45,4164.43,63217.19,43025.26,38682.04,12342.53,45251.54,62950.05,60213.59,44232.05,51401.91,49864.83,44449.96,48600.89,16670.07,65947.49,65739.78,38658.27,41465.23,40869.53,30602.76,21807.95,50578.67,36108.67,35237.02,58934.48,59595.56,23673.74,64473.85,27332.65,37948.14,29637.66,65134.13,54657.46,62020.41,39931.79,25564.96,68454.22,39497.31
26,5189.14,38265.61,43238.55,37168.61,32857.13,8015.89,23258.23,12670.0,25767.78,31989.09,33400.06,43742.52,33852.3,11755.43,32608.51,19351.9,46438.43,49641.84,39887.46,18885.59,24475.05,9905.18,28503.45,33919.63,33778.64,47623.45,0.0,25789.39,10381.4,25947.85,9905.18,10088.51,27246.14,21649.78,39363.36,36828.66,26847.06,20431.11,64792.29,7630.12,41312.54,32536.14,33778.64,43699.61,23260.1,14858.68,64795.97,11335.04,56804.88,17088.72,15141.12,5758.81,54973.2,2204.39,16821.59,15738.7,35749.93,34847.11,45362.75,4622.52,19565.12,32058.56,39363.36,39057.43,5673.25,5122.23,22992.22,23145.5,30277.68,29467.19,13378.39,8271.17,14459.6,15120.68,33120.57,18345.38,29358.96,21649.78,28389.18,20659.24,41251.86,33024.78,9905.18,33143.16,22325.75,5225.41
27,28952.65,10531.9,67957.55,50216.81,51834.43,24961.16,47977.24,37389.0,14732.21,48775.36,32361.53,58536.69,32813.77,20335.16,48531.24,19501.36,47405.87,74360.85,10696.9,19030.01,30174.34,34624.18,18899.22,34887.07,32740.11,55251.92,25788.27,0.0,35100.4,12493.46,34624.18,19005.56,51965.14,46368.78,10719.8,61547.66,51566.06,26282.54,65524.25,22036.63,66031.55,51513.45,32740.11,68418.62,47979.11,39577.68,89514.98,36054.05,57772.32,17584.02,39860.12,26921.94,55827.33,28116.5,18534.01,31771.53,60468.94,59566.11,70081.76,28386.02,6224.27,48844.82,10719.8,10413.87,27365.27,28885.73,47711.23,47864.5,54996.68,10435.35,38097.39,25230.88,39874.17,42088.87,32082.05,20776.57,54077.96,46368.78,30928.13,28862.56,71299.28,63072.2,34624.18,57862.16,28177.18,28988.91
28,5238.74,47846.41,34655.79,28111.97,23800.49,11579.46,8025.29,4711.72,41655.29,22932.46,24817.3,34685.88,25269.54,21336.23,23551.87,30251.54,37855.67,41059.09,49468.26,30544.36,30138.69,6621.42,38084.25,25336.87,25195.88,38566.81,10466.13,35370.19,0.0,35528.64,6621.42,13625.29,18189.5,13067.02,48944.16,28245.9,17790.42,30011.91,56209.53,17210.92,32729.78,23479.51,25195.88,35116.85,7337.44,22785.89,56213.21,7480.08,40194.65,26669.52,10243.57,9322.37,46390.43,8703.86,26402.38,23665.92,27167.17,26264.35,36779.99,7902.29,29145.92,23001.92,48944.16,48638.23,9229.49,5251.2,14409.47,7912.55,21221.04,33003.97,3183.86,12878.39,22386.81,23047.89,24537.82,27926.18,13351.43,13067.02,19806.42,28586.46,32669.1,24442.02,6621.42,20727.19,31906.55,4934.9
29,30242.02,12671.83,84436.19,63176.98,58865.5,31478.46,49266.61,38678.37,27629.5,57997.47,39081.27,69750.9,39533.52,16354.89,58616.89,26221.1,54125.62,89128.1,14293.68,25749.76,18206.44,35913.56,6823.82,41606.81,39459.86,61971.67,27077.64,12983.95,36389.77,0.0,35913.56,21995.02,53254.52,47658.15,13769.58,81063.38,52855.44,14314.63,105989.92,20353.81,80798.8,58544.52,39459.86,83185.88,49268.48,42252.9,105993.61,36221.7,64492.07,13493.95,49198.05,29400.31,62547.08,29405.88,12396.35,19803.62,76947.57,60887.04,84798.65,29675.4,12944.02,58066.94,13769.58,13463.64,29843.63,30175.11,58622.19,49153.88,56286.06,23332.64,39386.77,31733.74,27906.27,30120.97,38801.79,8808.67,55367.34,47658.15,37430.99,16894.65,59331.38,51104.3,35913.56,59151.54,16209.27,30278.29
30,13962.05,46754.69,33246.4,29871.89,25560.41,15531.49,10193.88,3339.0,34256.85,24692.38,33851.41,36445.8,34303.65,20244.51,25311.79,27840.97,36734.64,39649.7,48376.54,27374.67,25001.39,0.0,36992.52,34370.97,34229.99,40326.73,9374.4,34278.46,7207.2,34436.92,0.0,18577.58,19949.42,7049.44,47852.43,26836.51,19550.34,28920.18,54800.14,16119.19,31320.39,25239.43,34229.99,33707.46,5333.37,9794.7,54803.82,2004.05,41954.57,25577.79,5810.12,13274.4,45269.41,7513.44,25310.66,18528.62,25757.79,23664.44,35370.6,12138.12,28054.19,24761.84,47852.43,47546.5,13188.84,13974.52,13030.98,10081.14,22980.96,37956.26,4380.87,15786.77,16039.82,16700.9,33571.93,26834.46,16294.61,7049.44,28840.52,23449.16,30069.19,21842.11,0.0,20839.39,30814.83,13991.86
31,9705.45,29536.49,46821.82,34623.8,31280.43,5955.63,26841.51,18200.2,15679.3,29636.16,22123.59,42165.82,22575.84,12396.46,29392.05,9263.42,33672.18,53225.12,29701.49,8797.11,25844.98,19762.07,29873.38,21153.38,22502.18,41518.23,10926.15,19005.56,13675.35,22107.69,19762.07,0.0,26300.77,25233.05,29724.39,40411.93,25718.08,21801.04,50134.07,8380.38,44895.81,30959.45,22502.18,47282.88,26843.38,24715.56,68379.24,21191.93,44038.63,15200.15,24998.01,6627.9,45589.4,13254.38,16150.14,18624.95,39333.2,38430.38,48946.02,8635.68,12781.29,29705.63,29724.39,29418.46,7071.22,9638.54,26575.5,26728.77,31736.29,19378.71,16672.34,6225.36,24316.48,24977.57,21844.11,19715.32,26210.92,25233.05,11922.61,24533.2,44835.13,36608.05,19762.07,32108.9,23695.69,9741.72
32,21082.2,64023.52,22140.13,9922.53,5611.05,20532.68,10176.98,17122.85,36359.55,4743.02,19010.56,16496.44,19015.89,37513.33,5362.43,27665.8,16785.29,33158.43,65645.37,27958.62,46315.79,19561.21,54261.35,17704.36,19109.4,20377.37,26643.23,51547.29,18162.32,51705.75,19561.21,26122.57,0.0,17577.57,65121.26,23140.54,5648.81,46189.01,24464.69,33388.02,28370.25,5290.07,19109.4,30873.63,19748.57,28210.53,31328.02,20419.88,22005.21,42846.62,22654.69,23536.18,25320.05,24880.96,42579.48,39843.02,22881.53,27730.9,35127.04,24079.39,45323.02,4812.48,65121.26,64815.33,23512.41,21094.66,19091.96,10232.2,6066.91,42234.56,15738.1,20091.16,38563.91,39225.0,19143.99,44103.29,6962.08,17577.57,18059.09,44763.56,30986.44,32682.74,19561.21,6439.52,48083.65,19126.74
33,14931.63,69309.34,28320.72,27353.34,23041.86,21606.0,7675.33,4847.67,46080.47,22173.82,29242.48,33927.25,29694.72,31067.41,22793.24,34676.72,42280.85,34724.02,70931.2,34969.54,45530.71,6510.04,47815.42,29762.05,29621.06,37808.18,20197.3,45101.36,12077.35,56991.57,6510.04,23651.83,17430.87,0.0,70407.09,21910.83,17031.79,46891.76,49874.46,26942.09,26394.71,22720.88,29621.06,28781.78,2727.7,13962.78,49878.14,7368.71,39436.02,36400.7,6763.82,19348.91,50815.62,18435.04,36133.56,33397.09,20832.1,17838.51,30444.92,17928.83,38877.09,22243.29,70407.09,70101.16,19256.03,14944.1,6807.43,7562.59,20462.41,53262.37,6137.65,21861.28,18033.98,28550.8,28963.0,37657.36,13776.05,0.0,24231.6,43796.83,24243.26,16016.18,6510.04,18328.71,48786.41,14961.44
34,39676.13,1343.39,96697.46,61107.87,62725.48,35684.65,58700.73,48112.48,25488.98,59666.41,43252.59,69427.75,43704.83,28616.17,59422.3,30392.41,58296.93,101389.38,1125.16,29753.49,30467.71,45347.67,17741.62,45778.13,43631.17,66142.98,36511.75,10724.45,45823.89,13813.77,45347.67,29729.05,57745.82,57092.27,0.0,93324.64,62289.55,26575.9,118251.2,32615.08,93060.07,62404.5,43631.17,95447.14,58702.59,54514.17,118254.88,48482.97,68663.38,25755.22,61459.32,37645.43,66718.39,38839.99,24657.62,32064.9,89208.84,73148.31,97059.91,39109.51,16947.76,59735.88,0.0,305.93,38088.75,39609.22,70883.46,58587.99,65720.17,19403.5,48820.88,35954.37,40167.54,42382.24,42973.11,21069.94,64801.45,57092.27,41651.62,29155.93,71592.65,63365.57,45347.67,68585.65,28470.55,39712.4
35,34158.29,91553.41,5579.43,34418.89,21363.56,40832.65,23345.29,26515.63,65307.12,22449.62,48469.13,29398.83,48921.38,50294.06,23232.19,53903.38,41281.64,15484.67,93175.25,54196.2,67774.77,28954.0,67042.08,36303.11,48847.72,40891.71,39423.95,64328.02,31304.01,79235.63,28954.0,42878.48,23157.79,24754.16,92651.15,0.0,19583.29,69135.82,27133.17,46168.75,7168.88,21945.89,48847.72,9672.26,27366.42,49780.53,27136.85,29812.66,37347.71,55627.35,32047.47,38575.56,49816.41,37661.69,55360.21,52623.75,2468.89,13267.15,13054.56,37155.48,58103.75,22519.09,92651.15,92345.22,38482.68,34170.75,18958.23,23495.74,17374.37,72489.02,25130.89,41087.93,51344.64,50794.86,48189.65,56884.01,20267.17,24754.16,43458.25,66040.89,16522.7,23885.65,28954.0,19067.19,71030.46,34188.09
36,20734.09,63675.4,18565.63,14326.15,10014.67,19853.76,9828.87,16774.74,41376.98,9146.63,24027.98,20900.06,24033.32,37165.22,9766.05,32683.22,21188.9,29583.93,65297.25,32976.04,45967.68,19213.11,53913.24,22092.2,24126.82,24780.98,26295.12,51199.18,17814.21,51357.63,19213.11,25443.65,5648.81,17229.46,64773.15,19566.04,0.0,45840.9,25662.01,33039.91,24795.75,9693.69,24126.82,27299.13,19400.46,27862.42,30911.08,20071.77,26408.82,42498.51,22306.58,25151.37,29723.67,24532.86,42231.38,39494.91,18799.57,23648.93,31552.54,23731.28,44974.91,9216.1,64773.15,64467.22,25058.48,20746.55,17026.22,9884.09,5142.57,47251.99,15389.99,19674.06,38215.8,38876.89,24161.41,43755.17,5460.26,17229.46,21724.72,44415.45,26904.48,27984.78,19213.11,2357.55,47735.54,18778.63
37,23424.65,25766.96,73001.8,56359.61,52048.13,24661.09,42449.24,31861.0,40724.64,51180.1,52591.06,62933.52,53043.3,9602.63,51799.52,28079.92,65629.43,77693.71,27388.82,27613.61,2359.37,29096.18,18415.17,53110.63,52969.64,66814.45,20260.27,26079.08,29572.4,13449.2,29096.18,21745.93,46437.14,40840.78,26864.71,69628.98,46038.07,0.0,94555.54,13536.44,69364.41,51727.15,52969.64,71751.48,42220.87,18708.46,94559.22,25905.07,75995.88,11563.08,37763.66,22582.93,74164.2,22588.5,10465.48,5466.04,65513.18,49452.65,73364.26,22858.02,26215.58,51249.56,26864.71,26558.78,23026.26,23357.73,47187.8,42336.5,49468.68,36427.78,32569.39,24916.37,13568.68,14229.76,52311.58,7290.29,48549.96,40840.78,30613.62,4236.43,47896.98,39669.91,29096.18,52334.16,3630.03,23460.91
38,59091.61,116486.73,22469.15,19246.79,19601.88,44359.25,34634.88,51448.96,55079.81,20687.93,33916.47,7058.92,34012.14,75227.38,21470.5,46386.06,18446.26,34694.79,118108.58,46678.88,92708.09,53887.32,91975.4,30707.57,34105.64,13870.79,64357.28,89261.34,56237.33,104168.96,53887.32,49949.14,24457.96,49687.48,117584.48,27557.04,25661.12,94069.15,0.0,71102.07,32786.75,20184.2,34105.64,34433.35,52299.74,74713.85,10772.74,54745.98,11965.37,80560.67,56980.8,63508.89,23444.89,62595.02,80293.54,77557.07,31030.62,38200.48,36663.4,62088.8,83037.07,20757.4,117584.48,117278.54,63416.01,59104.07,43891.55,34690.09,21544.8,60954.82,50064.21,43917.73,76277.96,75728.19,34049.9,81817.34,29108.46,49687.48,40013.82,90974.22,41456.03,48818.97,53887.32,24862.01,95963.79,59121.41
39,10738.55,31511.21,49743.46,43673.51,39362.03,11974.99,29763.14,19174.9,24021.77,38494.0,39904.96,50247.43,40357.2,5001.03,39113.41,17605.9,52943.33,56146.75,33133.06,17139.59,17720.65,16410.08,21749.05,40424.53,40283.54,54128.35,7574.17,21991.56,16886.3,19193.44,16410.08,8369.03,33751.04,28154.68,32608.96,43333.57,33351.96,13676.71,71297.2,0.0,47817.45,39041.05,40283.54,50204.52,29765.01,17871.04,71300.88,17839.95,63309.78,10334.32,21646.02,9896.83,61478.1,9902.4,10067.18,10735.87,42254.84,41352.01,51867.66,10171.92,16340.48,38563.46,32608.96,32303.03,10340.16,10671.64,29497.13,29650.4,36782.59,30182.95,19883.29,12230.27,17471.96,18133.04,39625.48,11590.98,35863.87,28154.68,17927.52,16408.87,47756.76,39529.68,16410.08,39648.06,15571.35,10774.81
40,35626.91,91449.04,10852.39,39691.85,26636.52,42301.28,24813.92,27984.26,66775.75,27722.58,49937.77,34671.79,50390.01,51762.69,28505.15,55372.01,46554.61,9092.03,93070.89,55664.82,67670.41,30422.63,68510.7,50457.33,50316.35,46164.67,40892.59,65796.65,32772.64,79131.27,30422.63,44347.12,28430.75,26222.79,92546.79,7229.4,24856.25,69031.46,32406.13,47637.38,0.0,27218.85,50316.35,3149.8,28835.05,49676.16,32409.81,31281.29,42620.67,57095.98,33516.11,40044.2,55089.37,39130.32,56828.84,54092.38,5842.52,13162.79,6532.1,38624.11,59572.38,27792.05,92546.79,92240.85,39951.31,35639.38,20426.86,24964.37,22647.33,73957.66,26599.52,42556.56,52813.27,50690.5,49658.29,58352.64,25540.13,26222.79,44926.88,65936.52,16418.34,23781.29,30422.63,24340.15,70926.1,35656.72
41,26604.68,69546.0,19758.04,7095.19,1353.92,25423.84,15699.47,22645.33,41250.71,1752.52,18814.92,12239.31,18820.25,43035.82,2535.09,32556.96,13957.94,30776.34,71167.85,32849.79,51838.27,25083.7,59783.83,15606.02,18913.75,16120.24,32165.71,51372.22,23684.8,57228.23,25083.7,31013.73,5522.55,23100.06,62494.55,20758.46,9926.17,51711.5,20207.56,38910.5,25988.16,0.0,18913.75,28491.54,25271.05,33733.02,27070.89,25942.36,17748.08,48369.11,28177.17,28427.34,22492.71,30403.45,48101.97,45365.5,22837.2,31666.31,32744.95,29601.88,45147.95,1821.99,62494.55,62286.84,28403.57,26617.14,24614.44,15754.68,7997.92,47125.73,21260.59,24982.33,44086.4,44747.48,18948.34,49625.77,12484.57,23100.06,22950.26,50286.05,34921.86,38205.23,25083.7,10716.88,53606.14,24649.23
42,27943.19,42825.6,53554.1,19244.78,19126.23,15149.73,21500.5,32660.75,22173.17,17418.26,264.69,27564.66,353.11,31818.28,17174.14,13479.42,16433.84,59957.39,42990.6,13772.24,45266.8,35932.52,45554.78,3529.97,0.0,24279.89,33208.87,32294.67,25088.92,39126.98,35932.52,22410.56,19295.38,31965.32,43417.0,47144.21,24312.81,41222.86,34552.21,39953.66,51628.09,18805.25,0.0,54015.16,33575.65,45528.63,44843.2,35957.78,26800.29,34621.96,37400.23,18153.23,23872.54,31446.6,35571.96,46408.66,46065.48,45162.65,55678.3,30940.39,26070.4,17487.72,43417.0,43209.29,18129.46,27955.66,33307.77,21555.71,24730.9,28048.18,31276.0,14708.22,45129.55,45790.63,441.08,39137.13,24187.45,31965.32,9108.86,51329.2,51567.41,43340.32,35932.52,25103.51,43117.5,27973.0
43,39730.77,95552.89,11998.08,41614.13,30740.38,46405.14,28917.78,32088.12,70879.61,31826.44,54041.62,36594.07,54493.86,55866.55,32609.0,59475.86,48476.89,8059.18,97174.74,59768.68,71774.26,34526.48,72614.56,54561.19,54420.2,48086.95,44996.44,69900.5,36876.49,83235.13,34526.48,48450.97,32534.6,30326.64,96650.64,11333.25,28960.1,73135.31,34328.41,51741.23,4902.75,31322.7,54420.2,0.0,32938.9,53780.02,34332.09,35385.15,44542.95,61199.83,37619.96,44148.05,57011.66,43234.18,60932.7,58196.23,9946.38,17266.64,4245.89,42727.96,63676.23,31895.9,96650.64,96344.71,44055.17,39743.23,24530.72,29068.23,26751.18,78061.51,30703.37,46660.42,56917.13,54794.36,53762.14,62456.5,29643.99,30326.64,49030.74,70040.38,20522.19,27885.14,34526.48,28444.0,75029.95,39760.58
44,12408.57,63486.44,31009.2,29644.61,25333.13,18749.29,9966.6,2693.99,50183.02,24465.1,33345.04,36218.53,33797.28,25021.55,25084.52,38779.28,36507.37,37412.49,65108.29,39072.09,39707.8,4827.8,56134.64,33864.6,33723.62,40099.45,14151.45,39055.51,7333.58,51168.67,4827.8,20795.13,19722.15,2803.91,64584.19,24599.31,19323.07,41068.86,52562.94,20896.24,29083.19,25012.15,33723.62,31470.26,0.0,11986.37,52566.62,5686.46,41727.29,30354.84,4787.4,16492.21,45042.14,12290.49,30087.71,23305.67,23520.58,19595.4,33133.39,15072.13,32831.24,24534.57,64584.19,64278.25,16399.33,12421.04,9495.91,9853.87,22753.69,40173.81,4153.59,20048.23,16057.56,16224.11,33065.55,31611.51,16067.33,2803.91,28334.15,37973.93,26000.15,17773.07,4827.8,21017.18,42963.5,12104.74
45,17790.4,52403.07,53347.19,38199.38,33887.89,20617.15,18521.36,11666.48,39355.45,33019.86,45126.78,44773.29,45579.02,16841.49,33639.28,32939.58,58165.15,58039.11,54024.91,32473.27,19312.15,9551.63,45051.27,45646.34,45505.36,48654.21,14473.0,52715.18,22108.12,40085.3,9551.63,23676.19,28276.91,14834.26,53500.81,49974.37,27877.83,18306.77,74900.93,17509.28,49709.8,33566.91,45505.36,52096.88,13118.19,0.0,74904.61,7957.26,50282.05,22174.78,12061.91,18360.07,66699.91,15113.05,21907.64,13740.65,45858.57,29798.04,53709.65,17223.78,33152.79,33089.33,53500.81,53194.88,18274.51,17723.49,27533.19,18408.63,31308.45,43054.87,12708.36,20872.43,4071.2,4237.75,44847.3,33926.39,24622.09,14834.26,40115.89,17759.92,28242.38,20015.3,9551.63,29166.88,31880.13,17826.67
46,60660.78,118055.9,24038.32,28428.49,26388.36,51145.73,49847.79,53018.13,66972.6,27474.41,44536.8,20388.35,44542.14,76796.55,28256.98,58278.86,31775.69,28867.63,119677.74,58571.67,94277.26,55456.49,93544.57,41327.91,44635.64,24585.72,65926.45,90830.51,57806.5,105738.13,55456.49,69380.98,31244.44,51256.65,119153.64,29126.21,30833.33,95638.31,10714.98,72671.23,34355.92,26970.68,44635.64,36002.52,53868.91,76283.02,0.0,56315.15,22680.3,82129.84,58549.96,65078.05,34159.82,64164.18,81862.7,79126.24,32599.79,39769.64,38232.57,63657.97,84606.23,27543.88,119153.64,118847.71,64985.18,60673.24,45460.72,49998.23,26717.02,72847.62,51633.38,50704.21,77847.13,77297.36,44670.23,83386.5,35062.8,51256.65,48672.14,92543.38,43025.19,50388.14,55456.49,30034.22,97532.95,60690.58
47,11008.66,49852.55,33766.57,30392.05,26080.57,17225.05,10714.04,3859.16,35950.41,25212.54,34371.57,36965.96,34823.81,20841.88,25831.96,39805.81,37254.81,40169.86,51474.4,29068.22,26621.5,1744.31,37589.9,34891.13,34750.15,40846.89,11067.96,35972.02,7727.36,37534.78,1744.31,20271.14,20469.59,7026.94,50950.3,27356.67,20070.51,25616.12,55320.3,17812.75,31840.55,25759.59,34750.15,34227.63,5310.87,7790.67,55323.98,0.0,42474.73,26175.17,4254.59,14967.96,45789.57,9207.0,25908.03,20439.67,26277.95,21808.15,35890.76,13831.68,29747.75,25282.01,50950.3,50644.36,14882.41,11164.71,13551.14,10601.31,23501.13,39649.82,4901.03,17480.33,11861.86,12028.41,34092.09,27431.83,16814.77,7026.94,29360.69,25069.27,25242.17,17816.43,1744.31,21359.55,29275.1,12498.52
48,43229.27,67570.36,32885.21,16888.81,17291.06,37892.81,32324.06,39269.92,46917.93,18377.12,25754.58,8175.2,25850.25,66822.05,19159.68,38224.18,10683.89,45110.85,67735.36,38517.0,75624.5,41708.29,70299.55,22545.68,25943.75,4079.55,55951.94,57039.43,40309.4,63871.75,41708.29,43482.7,22147.14,39724.65,68161.77,37973.11,26550.76,75497.73,12181.12,62696.73,43202.81,17873.38,25943.75,44849.41,41895.64,50357.61,22953.81,42566.95,0.0,72155.34,44801.77,40896.31,11479.55,54189.68,71888.2,69151.73,41446.68,48616.54,47079.46,46226.47,50815.16,18446.58,68161.77,67954.05,40872.54,43241.74,42646.04,32379.27,23584.46,52792.94,37885.18,37451.29,67872.63,68533.71,25888.01,73412.0,29109.16,39724.65,31851.94,74072.27,51872.09,59235.04,41708.29,27341.47,77392.37,41273.82
49,20202.29,24560.92,59207.2,53137.25,48825.77,21438.73,39226.88,28638.64,29034.94,47957.74,34404.86,59711.17,34857.1,6315.16,48577.16,21544.69,62407.07,65610.49,26182.77,21078.38,16256.97,25873.83,14798.75,49888.27,34783.44,63592.09,17037.91,17561.14,26350.04,12243.15,25873.83,15210.69,43214.79,37618.43,25658.67,52797.31,42815.71,12213.03,80760.94,10314.08,57281.19,48504.79,34783.44,59668.26,39228.75,22159.39,80764.63,26181.97,72773.52,0.0,31109.77,19360.58,70941.84,19366.15,1208.48,13795.47,51718.58,50815.75,61331.4,19635.67,15101.65,48027.21,25658.67,25352.73,19803.91,20135.38,38960.88,39114.15,46246.33,27909.84,29347.04,21694.01,26076.98,26738.06,34125.38,4640.69,45327.61,37618.43,27391.26,14945.19,57220.51,48993.43,25873.83,49111.8,13085.22,20238.56
50,15306.54,59165.62,35103.86,32542.58,28231.1,22213.56,12864.57,5591.95,54101.18,27363.07,37263.2,39116.49,37715.44,23048.38,27982.48,42697.44,39405.34,41507.15,60787.47,42990.26,35386.98,5481.3,51813.82,37782.77,37641.78,42997.42,16069.41,40973.47,10231.55,46847.85,5481.3,25272.6,22620.11,6898.57,60263.37,28693.96,22221.03,36748.04,56657.59,19679.98,33177.84,27910.12,37641.78,35564.92,4923.79,9068.36,56661.28,4504.45,44625.26,28381.67,0.0,19956.47,47940.1,12943.99,28114.54,22646.17,27615.24,19898.85,37228.05,17970.09,34749.2,27432.53,60263.37,59957.43,19870.92,15319.0,10538.33,12751.83,25651.65,44651.27,7051.56,22946.19,13139.56,13306.1,36983.72,40688.95,18965.29,6898.57,32252.32,33653.11,23332.88,15907.13,5481.3,23510.08,38642.68,15002.7
51,5316.88,37393.29,42433.25,31837.41,28494.04,3183.68,22452.93,13811.63,22222.77,26849.76,17847.42,39379.43,18299.66,13972.69,26605.65,15806.89,30885.79,48836.54,37558.29,15340.58,26692.31,13648.91,30720.71,18366.98,18226.0,38731.84,5347.34,26862.35,9286.77,28165.1,13648.91,6543.5,23514.37,20844.47,37581.19,36023.36,22931.68,22648.37,47347.68,9847.38,40507.24,28173.05,18226.0,42894.31,22454.8,18591.23,63990.67,15078.77,41252.24,19305.98,26279.38,0.0,39420.55,5856.34,19038.84,20091.94,34944.63,34041.8,44557.45,1683.05,20638.08,26919.23,37581.19,37275.25,739.69,5249.97,22186.92,22340.2,28949.89,25922.18,12283.76,3438.96,18192.15,18853.23,17567.93,20562.64,22646.71,20844.47,9136.21,25380.53,40446.55,32219.48,13648.91,29322.5,24543.01,5353.15
52,49145.31,65950.88,44545.16,15347.85,22520.49,36351.85,35441.06,42386.93,42230.19,20812.52,24135.1,20273.75,23555.06,65281.09,21080.32,36604.7,9142.93,56770.8,66115.88,36897.51,74083.54,44825.29,68680.06,21004.72,23648.57,12342.53,54410.98,55419.95,46291.04,62252.26,44825.29,45535.84,25264.14,42841.65,66542.28,49633.05,29667.76,73956.77,23309.77,61155.77,54862.76,22199.51,23648.57,56509.36,45012.64,66730.75,34082.46,45683.95,11785.68,57747.24,47918.77,39355.35,0.0,52648.72,70347.24,67610.77,53106.62,60276.48,58739.4,52142.51,49195.68,20881.99,66542.28,66334.57,39331.58,49157.78,44356.04,35496.27,30085.86,50769.18,41002.18,35910.33,66331.66,66992.75,24268.53,71871.04,32226.16,42841.65,30310.97,72531.31,63532.03,64542.44,44825.29,30458.47,75851.41,49175.12
53,5303.28,40216.61,41738.56,35668.61,31357.13,8130.03,21758.24,10461.26,27718.77,30489.1,31900.06,42242.52,32352.3,13706.42,31108.52,21302.89,44938.43,48141.85,41838.46,20836.59,26426.04,7696.44,30454.44,32419.63,32278.64,46123.45,2251.94,27740.38,8881.4,27898.84,7696.44,12039.5,25746.14,20149.78,41314.36,35328.66,25347.07,22382.1,63292.3,9581.11,39812.55,31036.15,32278.64,42199.62,21760.11,16357.06,63295.98,9126.31,55304.88,19039.71,12932.38,5872.95,53473.2,0.0,18772.58,17237.08,34249.94,33347.11,43862.76,4736.66,21516.11,30558.56,41314.36,41008.42,5787.39,5236.37,21492.23,21645.5,28777.69,31418.18,11878.39,8385.31,15957.98,16619.06,31620.58,20296.38,27858.97,20149.78,26889.18,22157.63,39751.86,31524.78,7696.44,31643.16,24276.75,5339.55
54,19935.16,23463.32,58940.07,52870.12,48558.64,21171.6,38959.75,28371.51,29984.93,47690.61,49101.57,59444.04,49553.81,6048.03,48310.02,22494.68,62139.94,65343.36,25085.17,22028.37,15556.38,25606.7,13701.15,49621.14,49480.15,63324.96,16770.78,18511.13,26082.91,11145.55,25606.7,16160.69,42947.66,37351.29,24561.07,52530.18,42548.57,11664.58,80493.8,10046.95,57014.05,48237.66,49480.15,59401.13,38961.62,21892.25,80497.48,25914.84,72506.39,1208.48,30842.63,19093.45,70674.71,19099.01,0.0,13528.34,51451.45,50548.62,61064.27,19368.53,16051.64,47760.07,24561.07,24255.13,19536.77,19868.25,38693.74,38847.01,45979.2,28859.83,29079.9,21426.88,25809.85,26470.93,48822.09,3543.09,45060.48,37351.29,27124.13,14244.6,56681.32,48454.24,25606.7,48844.67,11987.62,19971.42
55,19021.48,31278.98,56196.35,50126.4,45814.92,22254.54,36216.03,24229.66,33355.35,44946.89,46357.86,56700.32,46810.1,8462.18,45566.31,26939.48,59396.22,62599.64,32900.83,26473.17,6554.18,19064.34,23927.18,46877.42,46736.44,60581.24,15704.08,31591.1,23339.19,18961.21,19064.34,18648.58,40203.94,34607.57,32376.72,49786.46,39804.86,5548.8,77750.09,10770.86,54270.34,45493.94,46736.44,56657.41,36217.9,14166.26,77753.77,20520.44,69762.68,13795.47,24625.09,20176.38,67930.99,16344.13,13528.34,0.0,48707.73,47804.9,58320.55,18454.86,22763.06,45016.36,32376.72,32070.79,19505.58,18954.57,35950.02,36103.3,43235.48,41939.79,26336.18,22509.82,9026.48,9687.57,46078.37,12802.3,42316.76,34607.57,41346.97,5001.95,45496.2,37269.13,19064.34,46100.96,9077.24,19057.75
56,30090.79,87485.91,7735.34,36574.8,23519.47,36765.16,19277.8,22448.14,61239.63,24605.53,44401.64,31554.74,44853.89,46226.57,25388.1,49835.88,43437.55,14417.84,89107.77,50128.7,63707.28,24886.51,62974.59,44921.21,44780.23,43047.62,35356.46,60260.52,27236.52,75168.14,24886.51,38810.99,23028.13,20686.66,88583.66,2422.69,18946.16,65068.33,29289.08,42101.25,5972.23,24101.8,44780.23,8475.61,23298.93,45713.04,29292.76,25745.17,39503.62,51559.86,27979.98,34508.07,51972.32,33594.2,51292.72,48556.25,0.0,9199.66,11857.91,33087.99,54036.25,24675.0,88583.66,88277.73,34415.19,30103.26,14890.74,19428.25,19530.28,68421.53,21063.4,37020.44,47277.15,46727.38,44122.16,52816.52,18105.65,20686.66,39390.76,61973.4,12455.21,19818.16,24886.51,16905.66,66962.98,30120.6
57,28894.23,71884.07,16723.19,45562.66,32757.51,35568.6,21558.01,24728.35,60043.07,29117.88,43205.08,40542.59,43657.32,45030.01,29737.3,48639.32,52425.41,21415.11,73505.92,48932.14,48105.43,22911.34,64532.27,43724.65,43583.67,52035.48,34159.9,59063.96,26039.96,59566.3,22911.34,37614.43,25620.05,17730.21,72981.81,13350.38,21538.09,49466.48,38276.93,40904.7,13085.81,33339.83,43583.67,15472.88,19340.53,30111.19,38280.62,22017.2,48491.48,50363.3,19800.52,33311.51,60960.18,32397.64,50096.16,47359.7,9234.58,0.0,17085.65,31891.43,52839.7,29187.35,72981.81,72675.88,33218.63,28906.7,12556.64,21708.46,28768.31,67224.97,23343.6,35823.88,32343.77,31125.53,42925.6,53407.39,20697.58,17730.21,38194.2,46371.55,4058.93,11421.87,22911.34,19497.59,51361.13,28924.04
58,39546.92,86038.34,14353.4,43969.46,32372.18,46221.29,28733.93,31904.27,70695.76,33458.24,53857.77,38949.39,54310.01,55682.7,34240.8,59292.01,50832.21,7768.6,87660.18,59584.83,62259.7,34342.64,78686.53,54377.34,54236.36,50442.28,44812.59,69716.65,36692.64,73720.56,34342.64,48267.12,34166.41,30142.79,87136.08,12965.05,30591.9,63620.75,36683.73,51557.38,6810.56,32954.51,54236.36,4211.45,32755.05,44265.46,36687.41,35201.3,46898.27,61015.98,37436.11,43964.2,59366.98,43050.33,60748.85,58012.38,11578.18,17074.61,0.0,42544.12,63492.38,33527.71,87136.08,86830.15,43871.32,39559.39,24346.87,28884.38,28382.99,77877.66,30519.52,46476.57,46498.04,45279.79,53578.29,62272.65,29507.83,30142.79,48846.89,60525.82,20330.16,25576.14,34342.64,28307.85,65515.39,39576.73
59,4589.56,41030.3,41705.93,35346.66,31035.18,4701.71,21725.61,13084.31,23787.19,30167.15,19365.45,41920.57,19817.69,14520.12,28123.69,17371.32,32403.82,48109.22,42652.15,16905.01,27239.74,12921.58,31268.14,19885.02,19744.03,45801.5,4620.01,28426.78,8559.45,28712.53,12921.58,8107.93,25424.2,20117.15,39145.62,35296.04,25025.12,23195.8,63259.67,10394.81,39779.91,30714.2,19744.03,42166.99,21727.48,17863.91,63263.35,14351.45,42770.27,19853.41,25552.06,2860.49,40938.59,5129.01,19586.28,18743.94,34217.31,33314.48,43830.13,0.0,22202.51,30236.61,39145.62,38839.68,2983.26,4522.64,21459.6,21612.88,28455.73,27486.61,11556.44,4957.0,17464.83,18125.91,19085.97,21110.07,21919.38,20117.15,10654.25,25927.96,39719.23,31492.15,12921.58,27961.88,25090.44,4625.82
60,22728.38,16755.2,61733.29,43992.54,45610.16,18736.89,41752.97,31164.73,14176.98,42551.09,26137.26,52312.42,26589.5,14517.71,42306.97,13277.09,41181.6,68136.58,16920.2,12805.74,30951.67,28399.91,19484.38,28662.8,26515.84,49027.65,19564.0,6224.27,28876.13,13056.58,28399.91,12781.29,45740.88,40144.51,16943.1,55323.39,45341.8,27059.86,59299.98,16351.73,59807.27,45289.18,26515.84,62194.35,41754.84,33353.41,83290.71,29829.78,51548.05,15124.53,33635.85,20697.67,49603.06,21892.23,16074.52,22726.92,54244.67,53341.84,63857.48,22161.75,0.0,42620.55,16943.1,16637.17,21141.0,22661.46,41486.96,41640.23,48772.41,13842.47,31873.12,19006.62,32954.33,33615.41,25857.78,21553.9,47853.7,40144.51,24703.87,29639.88,59746.59,51519.51,28399.91,51637.89,28954.51,22764.64
61,25758.89,68700.21,20329.1,5477.95,1924.98,24578.05,14853.68,21799.54,38233.77,217.01,17197.68,12810.38,17203.02,42190.03,917.86,29540.02,12340.71,31347.41,59051.2,29832.84,50992.48,24237.91,58938.05,13988.78,17296.52,16691.3,31319.93,48355.27,22839.02,56382.44,24237.91,30167.95,4676.76,22254.27,59477.6,21329.52,9080.38,50865.71,20778.63,38064.71,26559.23,1604.0,17296.52,29062.6,24425.27,32887.23,27641.96,25096.57,18319.14,47523.32,27331.39,27581.55,20875.47,29557.66,47256.18,44519.72,23408.27,32237.37,33316.01,28756.09,42131.0,0.0,59477.6,59269.89,27557.79,25771.36,23768.66,14908.89,9498.48,44108.78,20414.8,24136.54,43240.61,43901.7,17331.11,48779.98,11638.78,22254.27,22692.17,49440.26,35492.92,37359.44,24237.91,9871.09,52760.35,23803.44
62,39676.13,1343.39,96697.46,61107.87,62725.48,35684.65,58700.73,48112.48,25488.98,59666.41,43252.59,69427.75,43704.83,28616.17,59422.3,30392.41,58296.93,101389.38,1125.16,29753.49,30467.71,45347.67,17741.62,45778.13,43631.17,66142.98,36511.75,10724.45,45823.89,13813.77,45347.67,29729.05,57745.82,57092.27,0.0,93324.64,62289.55,26575.9,118251.2,32615.08,93060.07,62404.5,43631.17,95447.14,58702.59,54514.17,118254.88,48482.97,68663.38,25755.22,61459.32,37645.43,66718.39,38839.99,24657.62,32064.9,89208.84,73148.31,97059.91,39109.51,16947.76,59735.88,0.0,305.93,38088.75,39609.22,70883.46,58587.99,65720.17,19403.5,48820.88,35954.37,40167.54,42382.24,42973.11,21069.94,64801.45,57092.27,41651.62,29155.93,71592.65,63365.57,45347.67,68585.65,28470.55,39712.4
63,39370.2,1037.45,96391.52,60634.37,62251.98,35378.71,58394.79,47806.55,25281.27,59192.91,42779.08,68954.24,43231.32,28310.23,58948.8,29918.91,57823.42,101083.45,819.22,29447.56,30161.78,45041.74,17435.68,45304.62,43157.66,65669.48,36205.82,10418.52,45517.95,13507.84,45041.74,29423.12,62382.7,56786.33,305.93,93018.71,61983.62,26269.97,117945.27,32309.15,92754.14,61931.0,43157.66,95141.21,58396.66,54208.23,117948.95,48177.04,68189.88,25449.29,61153.39,37339.49,66244.88,38534.05,24351.69,31758.96,88902.91,72842.38,96753.98,38803.58,16641.82,59262.38,305.93,0.0,37782.82,39303.29,70577.53,58282.05,65414.24,19195.79,48514.95,35648.44,39861.61,42076.3,42499.6,20764.01,64495.52,56786.33,41345.69,28849.99,71286.71,63059.63,45041.74,68279.72,28164.61,39406.47
64,5548.8,37885.6,42665.17,31814.18,28470.81,3160.45,22684.85,14043.55,22715.08,26826.54,17824.19,39356.2,18276.43,14465.0,26582.42,16299.2,30862.56,49068.46,38050.6,15832.9,27184.62,13880.82,31213.02,18343.75,18202.77,38708.61,5579.26,27354.67,9518.69,28657.41,13880.82,7035.81,23491.14,21076.39,38073.5,36255.28,22908.46,23140.68,47324.45,10339.69,40739.16,28149.83,18202.77,43126.23,22686.72,18823.15,64222.59,15310.69,41229.01,19798.29,26511.3,634.9,39397.32,6088.26,19531.15,20584.25,35176.55,34273.73,44789.37,1914.97,21130.4,26896.0,38073.5,37767.57,0.0,5481.89,22418.84,22572.12,28926.66,26414.49,12515.68,3415.73,18424.07,19085.15,17544.71,21054.95,22878.63,21076.39,9112.98,25872.84,40678.48,32451.4,13880.82,29299.28,25035.32,5585.07
65,156.05,41287.64,37837.66,31478.4,27166.92,7449.67,17857.35,9216.04,25174.76,26298.88,27999.17,38052.31,28451.41,14777.46,26918.3,18758.89,41037.54,44240.96,42909.49,18292.58,27497.08,13365.09,31525.47,28518.74,28377.75,41933.23,4877.35,28811.41,4691.19,28969.87,13365.09,9495.5,21555.93,16248.89,42385.39,31427.77,21156.85,23453.13,59391.4,10652.14,35911.65,26845.94,28377.75,38298.72,17859.21,18121.24,59395.09,11022.97,43561.07,20110.74,21683.79,5192.58,49572.3,8879.17,19843.61,19001.27,30349.04,29446.22,39961.86,3772.5,22587.14,26368.35,42385.39,42079.45,5099.7,0.0,17591.34,17744.61,24587.47,28874.18,7688.18,7704.95,17722.16,18383.25,27719.69,21367.41,18051.12,16248.89,22988.29,26185.29,35850.97,27623.89,13365.09,24093.62,25347.78,1888.88
66,19792.98,68937.41,22339.44,28705.71,24394.23,26467.34,9288.2,10163.35,50941.81,23526.2,34103.83,36370.97,34556.07,35928.75,24145.62,39538.07,35568.47,28742.73,70559.26,39830.89,45158.77,12601.72,61585.61,34623.39,34482.41,40744.71,25058.65,49962.71,16938.7,56619.64,12601.72,28513.18,18783.25,6853.97,70035.16,15929.55,16954.55,46519.82,43893.18,31803.44,20413.43,24073.25,34482.41,22800.5,9466.24,27164.53,43896.86,13460.38,42372.55,41262.04,14063.85,24210.26,44103.23,23296.38,40994.91,38258.44,14850.82,14677.41,24463.64,22790.17,43738.44,23595.67,70035.16,69729.22,24117.38,19805.44,0.0,9438.65,20530.29,58123.71,8778.61,26722.63,29397.11,28178.87,33824.35,42518.7,15128.43,6853.97,29092.95,43424.89,17932.96,10562.23,12601.72,14914.05,48414.47,19822.78
67,12262.54,59625.83,26542.35,20120.06,15808.58,15723.17,112.74,7318.32,48128.71,14940.55,21256.96,26693.98,21262.29,33115.65,15559.97,36724.96,26982.82,32945.64,61247.68,37017.79,52392.75,9756.69,49863.67,19950.75,21355.79,30574.9,22245.54,47149.61,7991.64,47308.06,9756.69,20982.74,10197.6,7773.05,60723.58,20132.46,9798.52,41791.33,34662.23,28990.34,24616.34,15487.6,21355.79,27003.41,9944.04,18406.01,48099.77,10615.35,32202.74,38448.94,12850.16,16679.82,35517.59,20483.28,38181.8,35445.34,19053.73,24132.73,28666.55,15259.74,40925.34,15010.02,60723.58,60417.65,16586.94,12275.01,8897.65,0.0,13229.14,40361.42,5933.58,15543.48,34166.23,35412.84,21390.38,39705.6,6542.78,7773.05,26279.84,50658.87,27388.28,22878.21,9756.69,11087.57,43685.97,11739.68
68,24164.71,67106.02,16417.34,14744.24,8646.41,25968.2,13259.49,20205.36,41795.07,9564.73,24446.08,17844.82,24451.41,40595.84,10184.15,33101.32,21607.0,27435.64,68727.88,33394.14,49398.3,22643.72,57343.86,22510.3,24544.92,21725.74,29725.74,54629.8,21244.83,54788.25,22643.72,31558.09,6066.91,20660.08,68203.77,17417.76,5142.57,49271.52,21544.8,36470.53,22647.46,9228.74,24544.92,25150.84,22831.08,31293.04,26793.87,23502.38,23353.58,45929.13,25737.2,28581.98,30141.77,27963.47,45662.0,42925.53,19496.5,28325.61,29404.25,27161.9,48405.53,9634.2,68203.77,67897.84,28489.1,24177.17,20601.95,13314.71,0.0,47670.08,18820.61,25526.68,41646.42,42307.5,24579.51,47185.79,9199.91,20660.08,23494.62,47846.07,31581.16,35765.25,22643.72,5933.28,51166.16,22209.25
69,29061.29,20110.72,76506.87,45614.5,47232.11,25311.47,56526.55,37556.04,7838.27,44173.04,27759.21,53934.38,28211.46,28399.1,43928.93,14899.04,42803.55,82910.16,19802.97,15191.86,40561.95,39117.9,29286.83,30284.75,28137.79,50649.61,30281.98,10474.26,33031.18,22881.06,39117.9,19355.87,42252.45,54918.09,19345.94,70096.98,47269.87,36670.14,60921.93,27650.37,74580.86,46911.13,28137.79,76967.93,56528.42,44071.4,72949.09,40547.77,53170.0,27971.63,44353.84,25983.73,51225.89,32610.22,28921.62,42159.14,69018.25,68115.42,78631.06,27991.52,13881.38,44242.51,19345.94,19138.23,26427.06,28994.37,56260.54,56413.81,47687.97,0.0,36028.17,25581.19,43672.32,44333.4,27479.73,31164.18,47144.52,54918.09,28822.9,39250.17,74520.17,66293.09,39117.9,48060.58,38564.79,29097.55
70,8254.99,50862.66,29008.66,25634.15,21322.67,14595.71,5956.14,1527.87,46451.65,20454.63,29613.67,32208.06,30065.91,24352.48,21074.05,35047.91,32496.9,35411.95,52484.51,35340.73,50466.65,3966.24,41100.5,30133.23,29992.25,36088.99,13482.38,38386.43,3179.99,38544.89,3966.24,16641.54,15711.68,6095.99,51960.41,22598.77,15312.6,33028.16,50562.4,20227.17,27082.65,21001.69,29992.25,29469.72,4153.59,12615.56,50566.08,4824.9,37716.83,29685.77,7059.72,12338.62,41031.67,11720.11,29418.63,26682.17,21520.04,26599.04,31132.86,10918.54,32162.17,20524.1,51960.41,51654.48,12245.74,8267.45,8793.24,5843.4,18743.22,36020.22,0.0,15894.64,16686.76,16853.31,29334.18,30942.43,12056.87,6095.99,24602.78,48732.77,29179.2,20952.12,3966.24,16601.65,34922.8,7951.15
71,7923.89,35507.59,52045.96,28398.51,25055.14,441.58,15591.61,15222.98,20328.36,23410.87,14408.52,35940.53,14860.76,16242.15,23166.75,11343.15,27446.89,58449.25,35672.59,11635.97,28961.77,19372.02,32990.16,14928.08,14787.1,35292.94,7954.34,24976.66,10698.12,30434.56,19372.02,6031.47,20075.47,30457.19,35695.5,45636.07,19690.86,24917.83,43908.78,12116.83,50119.95,24734.16,14787.1,52507.02,32067.51,21198.24,50772.11,20801.88,37813.34,21575.44,35892.09,3445.08,35981.65,8463.34,21308.3,22361.4,44557.34,43654.52,54170.16,4969.87,18752.39,23480.33,35695.5,35389.57,3421.31,7856.97,31799.63,15478.87,25510.99,25349.81,13695.11,0.0,20799.16,21460.24,14129.04,22832.1,20183.7,30457.19,5697.31,27649.99,50059.27,41832.19,19372.02,25883.6,26812.47,7160.0
72,19170.8,39640.07,55264.41,50275.72,45964.24,21997.55,36365.35,18713.66,40735.85,45096.21,46507.18,56849.64,46959.42,22258.08,45715.63,34319.97,59545.54,59956.33,41261.92,33853.66,15861.44,16598.81,32288.27,47026.74,46885.76,60730.56,15853.4,39952.19,23488.51,27322.3,16598.81,25056.58,40353.26,34756.89,40737.82,51891.59,39954.18,17222.49,76818.15,18889.67,51627.02,45643.26,46885.76,54014.1,20165.36,7397.72,76821.83,15004.44,69911.99,25436.18,20026.28,19740.46,68080.31,16493.45,24338.58,9480.69,47775.79,31715.26,55626.87,18604.17,34533.19,45165.68,40737.82,40431.89,19654.9,19103.89,29450.42,36252.62,43384.8,50300.88,19755.53,22252.83,0.0,661.26,46227.69,21163.4,42466.08,34756.89,41496.29,14127.56,30159.6,21932.52,16598.81,46250.27,19117.13,19207.07
73,19491.58,40377.86,54603.15,50596.5,46285.02,22318.33,36686.13,19034.44,41056.63,45416.99,46827.96,57170.42,47280.2,22578.86,46036.41,34640.75,59866.32,59295.07,41999.71,34174.45,16599.22,16919.59,33026.06,47347.52,47206.54,61051.34,16174.18,40689.98,23809.29,28060.09,16919.59,25377.37,40674.04,35077.68,41475.61,51230.34,40274.96,14258.91,76156.89,19210.45,50965.77,45964.04,47206.54,53352.84,20486.14,7718.5,76160.57,15325.22,70232.77,26173.97,19365.02,20061.24,68401.09,16814.23,25076.37,9692.79,47114.53,31054.01,54965.61,18924.96,34853.97,45486.46,41475.61,41169.68,19975.68,19424.67,28789.16,36573.4,43705.58,51038.67,20076.31,22573.61,1218.24,0.0,46548.47,21901.19,42786.86,35077.68,41817.07,14865.35,29498.34,21271.26,16919.59,46571.05,19854.92,19527.85
74,28029.41,42911.82,53640.32,19137.97,19404.48,15235.95,21778.75,32746.96,20688.18,17696.51,371.64,27457.84,823.88,31904.5,17452.4,13565.64,16327.02,60043.61,43076.82,13858.46,45353.02,36018.73,45641.0,3808.22,750.22,24173.07,33295.09,32380.89,25175.14,39213.2,36018.73,22496.79,19573.63,32051.54,43503.22,47230.43,24591.06,41309.08,34445.4,40039.88,51714.31,19083.5,750.22,54101.38,33661.87,45614.85,45121.45,36044.0,26693.47,34708.18,37486.45,18239.45,24264.46,31532.82,35658.18,46494.88,46151.7,45248.88,55764.52,31026.61,26156.62,17765.97,43503.22,43295.51,18215.68,28041.88,33393.99,21833.96,25009.15,28134.4,31362.22,14794.44,45215.77,45876.85,0.0,39223.35,24465.7,32051.54,9195.08,51415.42,51653.63,43426.54,36018.73,25381.77,43203.72,28059.22
75,21459.04,19945.92,60463.95,54394.0,50082.52,22695.47,40483.63,29895.39,34903.59,49214.48,50625.45,60967.91,51077.69,7571.91,49833.9,26049.2,63663.82,66867.23,21567.77,25582.89,12038.98,27130.57,10183.75,51145.02,51004.03,64848.84,18294.65,20258.03,27606.79,7628.15,27130.57,19715.21,44471.53,38875.17,21043.66,54054.05,44072.45,8147.17,82017.68,11570.82,58537.93,49761.54,51004.03,60925.0,40485.5,23416.13,82021.37,27438.71,74030.27,4710.97,43030.59,20617.32,72198.59,20622.89,3613.37,13636.17,52975.32,54719.58,62588.14,20892.41,20394.53,49283.95,21043.66,20737.73,21060.65,21392.12,40217.62,40370.89,47503.07,30606.73,30603.78,22950.76,21738.81,23953.51,50345.97,0.0,46584.36,38875.17,28648.01,10727.2,53163.92,44936.84,27130.57,50368.55,8840.54,21495.3
76,17666.19,60607.51,19260.54,16805.79,12494.31,20346.6,6545.61,13491.47,41169.48,11626.28,23820.49,23379.71,23825.83,34097.33,12245.7,32475.74,23668.55,30278.84,62229.36,32768.55,58565.9,15929.84,50845.34,22514.29,23919.33,27260.63,23227.22,48131.29,13395.29,48289.74,15929.84,25936.5,6883.33,13946.2,61705.26,20260.96,5460.26,42773.01,29109.36,29972.02,25490.66,12173.33,23919.33,27994.04,16117.19,24579.16,34358.42,16788.5,28888.47,39430.62,19023.32,22083.47,32203.32,21464.96,39163.48,36427.02,17969.6,22818.96,29804.69,20663.39,41907.02,11695.75,61705.26,61399.33,21990.59,17678.66,13985.63,6600.82,9199.91,47044.5,12106.73,20166.91,35147.91,41586.0,23953.92,40687.28,0.0,13946.2,22217.56,56832.02,26074.51,29051.37,15929.84,4544.78,44667.65,17143.33
77,14931.63,69309.34,28320.72,27353.34,23041.86,21606.0,7675.33,4847.67,46080.47,22173.82,29242.48,33927.25,29694.72,31067.41,22793.24,34676.72,42280.85,34724.02,70931.2,34969.54,45530.71,6510.04,47815.42,29762.05,29621.06,37808.18,20197.3,45101.36,12077.35,56991.57,6510.04,23651.83,17430.87,0.0,70407.09,21910.83,17031.79,46891.76,49874.46,26942.09,26394.71,22720.88,29621.06,28781.78,2727.7,13962.78,49878.14,7368.71,39436.02,36400.7,6763.82,19348.91,50815.62,18435.04,36133.56,33397.09,20832.1,17838.51,30444.92,17928.83,38877.09,22243.29,70407.09,70101.16,19256.03,14944.1,6807.43,7562.59,20462.41,53262.37,6137.65,21861.28,18033.98,28550.8,28963.0,37657.36,13776.05,0.0,24231.6,43796.83,24243.26,16016.18,6510.04,18328.71,48786.41,14961.44
78,21524.91,41106.89,47135.82,25347.69,22099.48,6040.87,27155.5,26242.46,26870.09,23272.5,9498.37,33667.56,9950.61,21841.45,23028.39,14932.61,22536.74,53539.11,41271.89,15225.43,34561.06,29514.23,38589.46,10017.94,9876.95,30382.79,26790.58,30575.96,18670.63,36033.86,29514.23,11630.77,17119.82,25547.04,41294.79,40725.93,22137.24,30517.12,40655.12,17716.13,45209.8,21778.5,9876.95,47596.88,27157.37,39110.35,68693.23,29539.49,32903.2,27174.73,30981.95,9044.37,31071.51,25028.32,26907.6,39990.38,39647.2,38744.37,49260.02,10569.16,24351.69,23341.97,41294.79,40988.86,9020.6,21537.38,26889.49,27042.76,22555.34,29501.38,24857.72,5599.36,38711.27,39372.35,9218.89,28431.39,21360.42,25547.04,0.0,33249.28,45149.12,36922.04,29514.23,22927.95,32411.76,21554.72
79,26019.73,28307.54,70600.02,54802.82,50491.34,27256.17,40892.45,40487.25,43265.21,49623.31,51034.27,61376.73,51486.52,12197.71,50242.73,30675.0,64072.64,75291.93,29929.39,30208.7,3582.74,23740.76,20955.74,51553.84,51412.86,65257.66,22855.35,28619.65,28015.61,15989.77,23740.76,24341.01,44880.36,46211.15,29405.29,67227.2,44481.28,3175.83,92153.75,16131.52,66962.63,50170.36,51412.86,69349.7,39819.09,18000.25,92157.44,25196.86,74439.09,14103.65,35361.88,25178.02,72607.41,21020.54,13006.05,4757.83,63111.39,47050.87,70962.48,25453.1,28756.15,49692.78,29405.29,29099.35,25621.34,25952.82,44786.02,40779.71,47911.9,38968.35,31012.6,27511.45,12860.47,13521.56,50754.79,9830.86,46993.18,46211.15,33208.7,0.0,45495.2,37268.12,23740.76,50777.38,7784.6,26055.99
80,35446.82,69813.29,19938.17,48777.63,35972.48,42121.19,28084.98,28587.11,66595.66,37058.54,49757.67,43757.57,50209.91,51582.6,37841.11,55191.91,55640.39,24630.09,71435.14,55484.73,46034.66,29463.92,62461.49,50277.24,50136.25,55250.45,40712.49,70125.41,32592.54,57495.52,29463.92,44167.02,31258.86,24282.79,70911.04,16565.36,27176.9,47395.71,41491.91,47457.28,16300.79,36554.81,50136.25,18687.86,25893.12,28040.41,41495.59,30322.58,51706.45,55609.4,25835.28,39864.1,64175.16,38950.23,54511.8,44775.49,12449.55,3476.37,20300.63,38444.02,59392.28,37128.01,70911.04,70605.1,39771.22,35459.29,17829.3,28235.44,31983.29,73777.56,28893.92,42376.47,30272.99,29054.75,49478.19,51336.61,26336.38,24282.79,44746.79,44300.78,0.0,9351.09,29463.92,25136.4,49290.35,35476.63
81,27277.41,61643.88,27280.82,42016.02,37704.54,33951.78,22338.01,20417.7,58426.25,36836.5,41588.26,51100.22,42040.5,43413.18,37455.92,47022.5,54626.63,31972.74,63265.73,47315.32,37865.24,21294.51,54292.08,42107.83,41966.84,62593.1,32543.08,61956.0,24423.13,49326.11,21294.51,35997.61,32093.55,16113.38,62741.63,23908.0,31694.47,39226.3,48834.56,39287.87,23643.43,37383.55,41966.84,26030.51,17723.71,19871.0,48838.24,22153.17,59049.1,47439.99,17665.87,31694.69,63161.39,30780.82,46342.39,36606.08,19792.2,10819.02,25764.71,30274.61,51222.87,36905.97,62741.63,62435.69,31601.81,27289.88,10479.79,22225.27,35125.09,65608.15,20724.51,34207.06,22103.58,20885.34,41308.78,43167.2,28438.73,16113.38,36577.38,36131.37,9263.36,0.0,21294.51,25982.43,41120.94,27307.22
82,13962.05,46754.69,33246.4,29871.89,25560.41,15531.49,10193.88,3339.0,34256.85,24692.38,33851.41,36445.8,34303.65,20244.51,25311.79,27840.97,36734.64,39649.7,48376.54,27374.67,25001.39,0.0,36992.52,34370.97,34229.99,40326.73,9374.4,34278.46,7207.2,34436.92,0.0,18577.58,19949.42,7049.44,47852.43,26836.51,19550.34,28920.18,54800.14,16119.19,31320.39,25239.43,34229.99,33707.46,5333.37,9794.7,54803.82,2004.05,41954.57,25577.79,5810.12,13274.4,45269.41,7513.44,25310.66,18528.62,25757.79,23664.44,35370.6,12138.12,28054.19,24761.84,47852.43,47546.5,13188.84,13974.52,13030.98,10081.14,22980.96,37956.26,4380.87,15786.77,16039.82,16700.9,33571.93,26834.46,16294.61,7049.44,28840.52,23449.16,30069.19,21842.11,0.0,20839.39,30814.83,13991.86
83,23670.85,70145.9,18025.02,15154.29,10842.81,26378.24,11090.4,19857.29,42205.12,9974.78,24856.13,22909.03,24861.46,43635.71,10594.2,33511.37,22017.05,29043.32,71767.75,33804.19,60495.49,22295.66,60383.73,22920.34,24954.96,25609.13,32765.61,57669.67,20750.97,57828.13,22295.66,31968.14,6476.95,18459.07,71243.65,19025.43,2394.99,52311.39,24900.34,39510.4,24255.14,10521.83,24954.96,26758.52,21071.33,30944.97,30149.41,23154.32,27236.97,48969.0,25389.13,28088.13,30551.81,31003.35,48701.87,45965.4,16734.08,21583.44,28569.17,26668.05,51445.4,10044.24,71243.65,70937.71,27995.25,23683.31,14960.73,11145.61,5970.72,48080.13,18472.54,25936.73,44686.3,43515.59,24989.55,50225.67,4544.78,18459.07,23904.66,58761.61,24838.98,25919.29,22295.66,0.0,54206.04,21715.4
84,25509.1,27851.42,75086.25,58444.06,54132.58,26745.54,44533.69,33945.45,42809.09,53264.55,54675.51,65017.97,55127.75,11687.08,53883.96,30164.37,67713.88,79778.16,29473.27,29698.06,5413.91,31180.63,15310.44,55195.08,55054.09,68898.9,22344.72,28163.53,31656.85,15533.65,31180.63,23830.38,48521.59,42925.23,28949.16,71713.43,48122.52,4812.55,96639.98,15620.89,71448.86,53811.6,55054.09,73835.93,44305.32,32902.96,96643.67,30380.96,78080.34,13156.09,39848.11,24667.38,76248.65,24672.95,12058.49,10453.68,67597.63,51537.1,75448.7,24942.47,28300.03,53334.02,28949.16,28643.23,25110.71,25442.19,49272.25,44420.95,51553.13,38512.23,34653.84,27000.82,18556.33,20771.03,54396.03,8883.3,50634.42,42925.23,32698.07,7544.71,49981.44,41754.36,31180.63,54418.61,0.0,25545.37
85,2020.48,41333.86,39136.86,29158.36,24846.88,6871.34,11764.88,10515.23,25220.98,23978.85,29298.36,35732.28,29750.6,14823.67,24598.27,18805.11,42336.73,45540.15,42955.7,18338.8,27543.29,14664.28,31571.69,29817.93,29676.94,39613.2,4923.56,28857.63,5990.38,29016.09,14664.28,9541.72,19235.9,17548.08,42431.6,32726.96,18836.82,23499.35,60690.59,10698.36,37210.84,24525.9,29676.94,39597.91,19158.41,18167.46,60694.28,16094.14,41241.04,20156.96,22982.98,5238.8,50871.5,5432.57,19889.83,19047.49,31648.24,30745.41,41261.05,3818.71,22633.36,24048.32,42431.6,42125.67,5145.91,1953.57,18890.53,11652.15,22267.44,28920.4,8987.37,7106.88,17768.38,18429.46,29018.88,21413.63,17091.03,17548.08,12804.13,26231.51,37150.16,28923.08,14664.28,21773.58,25393.99,0.0
